fid,adm3,adm3_code,adm2,adm2_code,adm1,adm1_code,pop,hh,area,health,schools,prov_elec,prov_poverty
"1",7 De Abril,MZ070901,Meconta,MZ0709,Nampula,MZ07,"45986","9197","553","1","0","23","45"
"2",Alto Changane,MZ020201,Chibuto,MZ0202,Gaza,MZ02,"30496","6099","2602","1","0","46","35"
"3",Alto Ligonha,MZ110501,Gile,MZ1105,Zambezia,MZ11,"71723","14345","3901","2","0","13","53"
"4",Alto Molocue,MZ110101,Alto Molocue,MZ1101,Zambezia,MZ11,"163298","32660","3739","11","0","13","53"
"5",Alua,MZ070301,Erati,MZ0703,Nampula,MZ07,"111155","22231","1913","5","0","23","45"
"6",Amatongas,MZ040301,Gondola,MZ0403,Manica,MZ04,"58426","11685","838","4","1","22","33"
"7",Anchilo,MZ072201,Rapale,MZ0722,Nampula,MZ07,"148964","29793","1317","7","11","23","45"
"8",Ancuabe,MZ010101,Ancuabe,MZ0101,Cabo Delgado,MZ01,"45376","9075","2090","2","0","15","54"
"9",Angoche,MZ070101,Angoche,MZ0701,Nampula,MZ07,"66884","13377","474","6","9","23","45"
"10",Aube,MZ070102,Angoche,MZ0701,Nampula,MZ07,"145779","29156","552","4","0","23","45"
"11",Bajone,MZ111501,Mocubela,MZ1115,Zambezia,MZ11,"91280","18256","1348","5","0","13","53"
"12",Balama,MZ010201,Balama,MZ0102,Cabo Delgado,MZ01,"97307","19461","971","5","0","15","54"
"13",Bazaruto,MZ030601,Inhassoro,MZ0306,Inhambane,MZ03,"3041","608","100","1","0","20","36"
"14",Bazua,MZ041101,Tambara,MZ0411,Manica,MZ04,"13742","2748","1980","1","0","22","33"
"15",Bela Vista,MZ050601,Matutuine,MZ0506,Maputo,MZ05,"17925","3585","2625","6","0","96","14"
"16",Bilibiza,MZ011801,Quissanga,MZ0118,Cabo Delgado,MZ01,"15787","3157","787","3","0","15","54"
"17",Boane,MZ050101,Boane,MZ0501,Maputo,MZ05,"58071","11614","599","10","1","96","14"
"18",Boila,MZ070103,Angoche,MZ0701,Nampula,MZ07,"97682","19536","1253","5","0","23","45"
"19",Buzi,MZ090101,Buzi,MZ0901,Sofala,MZ09,"104484","20897","3418","6","22","38","40"
"20",Cafumpe,MZ040302,Gondola,MZ0403,Manica,MZ04,"61095","12219","775","0","0","22","33"
"21",Caia,MZ090201,Caia,MZ0902,Sofala,MZ09,"87781","17556","2014","12","0","38","40"
"22",Calanga,MZ050401,Manhiça,MZ0504,Maputo,MZ05,"7210","1442","589","1","0","96","14"
"23",Calipo,MZ071301,Mogovolas,MZ0713,Nampula,MZ07,"87790","17558","1085","1","0","23","45"
"24",Campo,MZ111701,Mopeia,MZ1117,Zambezia,MZ11,"67679","13536","3668","1","0","13","53"
"25",Canicado,MZ020801,Guija,MZ0208,Gaza,MZ02,"11781","2356","29","1","0","46","35"
"26",Canxixe,MZ091001,Maringue,MZ0910,Sofala,MZ09,"26460","5292","1684","2","0","38","40"
"27",Catandica,MZ040101,Barue,MZ0401,Manica,MZ04,"218702","43740","2955","8","4","22","33"
"28",Catuane,MZ050602,Matutuine,MZ0506,Maputo,MZ05,"5242","1048","1259","3","0","96","14"
"29",Chai,MZ010601,Macomia,MZ0106,Cabo Delgado,MZ01,"14532","2906","1054","9","9","15","54"
"30",Chaimite,MZ020202,Chibuto,MZ0202,Gaza,MZ02,"51898","10380","522","1","0","46","35"
"31",Chalaua,MZ071401,Moma,MZ0714,Nampula,MZ07,"97122","19424","1400","1","0","23","45"
"32",Changalane,MZ050801,Namaacha,MZ0508,Maputo,MZ05,"16714","3343","779","4","0","96","14"
"33",Changanine,MZ020203,Chibuto,MZ0202,Gaza,MZ02,"1718","344","1389","1","0","46","35"
"34",Chapa,MZ011201,Mueda,MZ0112,Cabo Delgado,MZ01,"41319","8264","2033","1","0","15","54"
"35",Charre,MZ101301,Mutarara,MZ1013,Tete,MZ10,"39305","7861","627","2","0","15","48"
"36",Chemba,MZ090301,Chemba,MZ0903,Sofala,MZ09,"32430","6486","1136","11","0","38","40"
"37",Chibabava,MZ090501,Chibabava,MZ0905,Sofala,MZ09,"12852","2570","1023","1","0","38","40"
"38",Chibonzane,MZ021101,Mandlakaze,MZ0211,Gaza,MZ02,"5681","1136","938","3","0","46","35"
"39",Chibuto,MZ020204,Chibuto,MZ0202,Gaza,MZ02,"73958","14792","47","6","0","46","35"
"40",Chicomo,MZ030901,Massinga,MZ0309,Inhambane,MZ03,"25734","5147","5343","5","2","20","36"
"41",Chiconono,MZ081601,Muembe,MZ0816,Niassa,MZ08,"13488","2698","4097","2","0","16","47"
"42",Chicumbane,MZ020901,Limpopo,MZ0209,Gaza,MZ02,"94292","18858","564","4","1","46","35"
"43",Chidenguele,MZ021102,Mandlakaze,MZ0211,Gaza,MZ02,"83346","16669","720","4","0","46","35"
"44",Chidzolomondo,MZ100801,Macanga,MZ1008,Tete,MZ10,"83916","16783","1860","1","0","15","48"
"45",Chifunde,MZ100401,Chifunde,MZ1004,Tete,MZ10,"24932","4986","3319","3","0","15","48"
"46",Chigubo,MZ020401,Chigubo,MZ0204,Gaza,MZ02,"6452","1290","3695","3","0","46","35"
"47",Chihulo,MZ070801,Malema,MZ0708,Nampula,MZ07,"24622","4924","1687","1","0","23","45"
"48",Chimbonila,MZ080101,Chimbonila,MZ0801,Niassa,MZ08,"101727","20345","3724","11","0","16","47"
"49",Chinde,MZ110201,Chinde,MZ1102,Zambezia,MZ11,"44581","8916","1025","7","0","13","53"
"50",Chinga,MZ071801,Murrupula,MZ0718,Nampula,MZ07,"33348","6670","572","1","0","23","45"
"51",Chintholo,MZ100201,Cahora Bassa,MZ1002,Tete,MZ10,"8291","1658","5131","1","0","15","48"
"52",Chinthopo,MZ100901,Magoe,MZ1009,Tete,MZ10,"40905","8181","3055","3","1","15","48"
"53",Chipembere,MZ100301,Changara,MZ1003,Tete,MZ10,"88472","17694","3901","7","0","15","48"
"54",Chipene,MZ071101,Memba,MZ0711,Nampula,MZ07,"50830","10166","784","1","0","23","45"
"55",Chipera,MZ101101,Maravia,MZ1011,Tete,MZ10,"16426","3285","2875","2","0","15","48"
"56",Chiputu,MZ101102,Maravia,MZ1011,Tete,MZ10,"14611","2922","3762","1","0","15","48"
"57",Chiramba,MZ090302,Chemba,MZ0903,Sofala,MZ09,"26237","5247","1243","2","0","38","40"
"58",Chire,MZ111801,Morrumbala,MZ1118,Zambezia,MZ11,"128095","25619","3334","1","0","13","53"
"59",Chissano,MZ020902,Limpopo,MZ0209,Gaza,MZ02,"56795","11359","518","3","0","46","35"
"60",Chitima,MZ100202,Cahora Bassa,MZ1002,Tete,MZ10,"93896","18779","3121","6","0","15","48"
"61",Chitobe,MZ040601,Machaze,MZ0406,Manica,MZ04,"115591","23118","8261","5","0","22","33"
"62",Chitunda,MZ011301,Muidumbe,MZ0113,Cabo Delgado,MZ01,"30952","6190","526","1","3","15","54"
"63",Chiurairue,MZ040901,Mossurize,MZ0409,Manica,MZ04,"153594","30719","2122","1","0","22","33"
"64",Chiure,MZ010301,Chiure,MZ0103,Cabo Delgado,MZ01,"100509","20102","621","1","2","15","54"
"65",Chiure Velho,MZ010302,Chiure,MZ0103,Cabo Delgado,MZ01,"33549","6710","623","2","0","15","54"
"66",Chiuta,MZ081301,Mecanhelas,MZ0813,Niassa,MZ08,"25083","5017","2157","2","0","16","47"
"67",Chivongoene,MZ020802,Guija,MZ0208,Gaza,MZ02,"28248","5650","731","2","0","46","35"
"68",Choa,MZ040102,Barue,MZ0401,Manica,MZ04,"9475","1895","833","2","0","22","33"
"69",Chokwe,MZ020501,Chokwe,MZ0205,Gaza,MZ02,"50683","10137","51","4","5","46","35"
"70",Chongoene,MZ020601,Chongoene,MZ0206,Gaza,MZ02,"164138","32828","747","7","0","46","35"
"71",Chupanga,MZ091101,Marromeu,MZ0911,Sofala,MZ09,"91373","18275","2001","1","0","38","40"
"72",Cidade Da Beira,MZ090601,Cidade Da Beira,MZ0906,Sofala,MZ09,"473211","94642","631","15","35","38","40"
"73",Cidade Da Matola,MZ050201,Cidade Da Matola,MZ0502,Maputo,MZ05,"1313888","262778","368","26","17","96","14"
"74",Cidade De Chimoio,MZ040201,Cidade De Chimoio,MZ0402,Manica,MZ04,"364041","72808","174","7","11","22","33"
"75",Cidade De Inhambane,MZ030101,Cidade De Inhambane,MZ0301,Inhambane,MZ03,"81371","16274","195","9","25","20","36"
"76",Cidade De Lichinga,MZ080201,Cidade De Lichinga,MZ0802,Niassa,MZ08,"271374","54275","256","12","1","16","47"
"77",Cidade De Maputo,MZ060101,Cidade De Maputo,MZ0601,Maputo City,MZ06,"1224865","244973","347","39","117","96","4"
"78",Cidade De Nampula,MZ070201,Cidade De Nampula,MZ0702,Nampula,MZ07,"835385","167077","330","15","8","23","45"
"79",Cidade De Pemba,MZ010401,Cidade De Pemba,MZ0104,Cabo Delgado,MZ01,"254693","50939","100","11","11","15","54"
"80",Cidade De Quelimane,MZ110301,Cidade De Quelimane,MZ1103,Zambezia,MZ11,"267605","53521","122","13","14","13","53"
"81",Cidade De Tete,MZ100601,Cidade De Tete,MZ1006,Tete,MZ10,"272819","54564","287","17","2","15","48"
"82",Cidade De Xai-Xai,MZ020701,Cidade De Xai-Xai,MZ0207,Gaza,MZ02,"140179","28036","135","7","2","46","35"
"83",Cobue,MZ080601,Lago,MZ0806,Niassa,MZ08,"22705","4541","3518","5","0","16","47"
"84",Combomune,MZ021001,Mabalane,MZ0210,Gaza,MZ02,"11551","2310","5119","1","0","46","35"
"85",Corrane,MZ070902,Meconta,MZ0709,Nampula,MZ07,"72135","14427","2317","3","0","23","45"
"86",Covo,MZ072001,Nacala-A-Velha,MZ0720,Nampula,MZ07,"26398","5280","288","1","0","23","45"
"87",Cuamba,MZ080301,Cuamba,MZ0803,Niassa,MZ08,"159074","31815","2160","11","7","16","47"
"88",Cumbana,MZ030701,Jangamo,MZ0307,Inhambane,MZ03,"61146","12229","627","2","1","20","36"
"89",Cunle,MZ072301,Ribaue,MZ0723,Nampula,MZ07,"42867","8573","1424","1","0","23","45"
"90",Dacata,MZ040902,Mossurize,MZ0409,Manica,MZ04,"174492","34898","2380","4","0","22","33"
"91",Derre,MZ110401,Derre,MZ1104,Zambezia,MZ11,"95596","19119","4747","3","0","13","53"
"92",Diaca,MZ011001,Mocimboa Da Praia,MZ0110,Cabo Delgado,MZ01,"20390","4078","1020","1","0","15","54"
"93",Dindiza,MZ020402,Chigubo,MZ0204,Gaza,MZ02,"24525","4905","6425","3","0","46","35"
"94",Divinhe,MZ090901,Machanga,MZ0909,Sofala,MZ09,"16469","3294","1959","4","0","38","40"
"95",Doa,MZ100701,Doa,MZ1007,Tete,MZ10,"252484","50497","3634","2","0","15","48"
"96",Dombe,MZ041001,Sussundenga,MZ0410,Manica,MZ04,"73146","14629","3204","1","1","22","33"
"97",Domue,MZ100101,Angonia,MZ1001,Tete,MZ10,"210099","42020","2121","3","0","15","48"
"98",Dondo,MZ090701,Dondo,MZ0907,Sofala,MZ09,"116823","23365","1548","10","8","38","40"
"99",Espungabera,MZ040903,Mossurize,MZ0409,Manica,MZ04,"29659","5932","520","4","0","22","33"
"100",Estaquinha,MZ090102,Buzi,MZ0901,Sofala,MZ09,"44717","8943","1475","21","2","38","40"
"101",Etarara,MZ080302,Cuamba,MZ0803,Niassa,MZ08,"133959","26792","1352","3","0","16","47"
"102",Fingoe,MZ101103,Maravia,MZ1011,Tete,MZ10,"31564","6313","4892","2","0","15","48"
"103",Funhalouro,MZ030201,Funhalouro,MZ0302,Inhambane,MZ03,"35581","7116","8797","4","0","20","36"
"104",Furancungo,MZ100802,Macanga,MZ1008,Tete,MZ10,"267919","53584","5336","7","1","15","48"
"105",Galinha,MZ091201,Muanza,MZ0912,Sofala,MZ09,"35866","7173","5908","6","0","38","40"
"106",Gile,MZ110502,Gile,MZ1105,Zambezia,MZ11,"186307","37261","5076","6","0","13","53"
"107",Godide,MZ020205,Chibuto,MZ0202,Gaza,MZ02,"27024","5405","559","4","0","46","35"
"108",Gondola,MZ040303,Gondola,MZ0403,Manica,MZ04,"45092","9018","53","3","5","22","33"
"109",Gonhane,MZ110801,Inhassunge,MZ1108,Zambezia,MZ11,"27192","5438","249","1","0","13","53"
"110",Goonda,MZ090502,Chibabava,MZ0905,Sofala,MZ09,"41957","8391","2149","0","0","38","40"
"111",Gorongosa,MZ090801,Gorongosa,MZ0908,Sofala,MZ09,"100160","20032","2996","9","1","38","40"
"112",Guro,MZ040401,Guro,MZ0404,Manica,MZ04,"44742","8948","1114","3","0","22","33"
"113",Gurue,MZ110601,Gurue,MZ1106,Zambezia,MZ11,"239051","47810","1443","5","0","13","53"
"114",Homoine,MZ030401,Homoine,MZ0304,Inhambane,MZ03,"107995","21599","1037","8","0","20","36"
"115",Hucula,MZ011401,Namuno,MZ0114,Cabo Delgado,MZ01,"21820","4364","762","2","0","15","54"
"116",Iapala,MZ072302,Ribaue,MZ0723,Nampula,MZ07,"133882","26776","2623","3","0","23","45"
"117",Ibo,MZ010501,Ibo,MZ0105,Cabo Delgado,MZ01,"9991","1998","58","2","0","15","54"
"118",Ile,MZ110701,Ile,MZ1107,Zambezia,MZ11,"208357","41671","2071","9","0","13","53"
"119",Ilha De Mocambique,MZ070401,Ilha De Moçambique,MZ0704,Nampula,MZ07,"54729","10946","50","3","1","23","45"
"120",Ilha Josina Machel,MZ050402,Manhiça,MZ0504,Maputo,MZ05,"8950","1790","192","1","0","96","14"
"121",Ilha Licom,MZ080401,Ilha Licom,MZ0804,Niassa,MZ08,"15","3","29","0","0","16","47"
"122",Ilha Risunodo,MZ080501,Ilha Risunodo,MZ0805,Niassa,MZ08,"11","2","8","0","0","16","47"
"123",Imala,MZ071701,Muecate,MZ0717,Nampula,MZ07,"46317","9263","1220","4","0","23","45"
"124",Imbuo,MZ011202,Mueda,MZ0112,Cabo Delgado,MZ01,"15129","3026","530","2","0","15","54"
"125",Impiri,MZ010202,Balama,MZ0102,Cabo Delgado,MZ01,"23407","4681","772","1","0","15","54"
"126",Inchope,MZ040304,Gondola,MZ0403,Manica,MZ04,"97735","19547","1017","2","2","22","33"
"127",Inhaminga,MZ090401,Cheringoma,MZ0904,Sofala,MZ09,"50708","10142","5398","6","0","38","40"
"128",Inhamitanga,MZ090402,Cheringoma,MZ0904,Sofala,MZ09,"14945","2989","1706","1","0","38","40"
"129",Inhangoma,MZ101302,Mutarara,MZ1013,Tete,MZ10,"98653","19731","775","3","0","15","48"
"130",Inharrime,MZ030501,Inharrime,MZ0305,Inhambane,MZ03,"100572","20114","1110","7","1","20","36"
"131",Inhassoro,MZ030602,Inhassoro,MZ0306,Inhambane,MZ03,"55640","11128","4644","5","3","20","36"
"132",Inhassunge,MZ110802,Inhassunge,MZ1108,Zambezia,MZ11,"64647","12929","505","6","1","13","53"
"133",Insaca,MZ081302,Mecanhelas,MZ0813,Niassa,MZ08,"413844","82769","2854","10","6","16","47"
"134",Intete,MZ072101,Nacaroa,MZ0721,Nampula,MZ07,"50888","10178","685","1","0","23","45"
"135",Itepela,MZ081701,Ngauma,MZ0817,Niassa,MZ08,"16183","3237","1422","3","0","16","47"
"136",Itoculo,MZ071501,Monapo,MZ0715,Nampula,MZ07,"69235","13847","1243","5","0","23","45"
"137",Iuluti,MZ071302,Mogovolas,MZ0713,Nampula,MZ07,"85934","17187","1390","2","0","23","45"
"138",Jangamo,MZ030702,Jangamo,MZ0307,Inhambane,MZ03,"52439","10488","666","5","0","20","36"
"139",Kambulatsisi,MZ101201,Moatize,MZ1012,Tete,MZ10,"76301","15260","1858","3","0","15","48"
"140",Katapua,MZ010303,Chiure,MZ0103,Cabo Delgado,MZ01,"32445","6489","1675","1","0","15","54"
"141",Kazula,MZ100501,Chiuta,MZ1005,Tete,MZ10,"37205","7441","3012","1","0","15","48"
"142",Kuekue,MZ010203,Balama,MZ0102,Cabo Delgado,MZ01,"28996","5799","2470","1","0","15","54"
"143",Lago Niassa,MZ080701,Lago Niassa,MZ0807,Niassa,MZ08,"1007","201","6933","0","1","16","47"
"144",Lalaua,MZ070501,Lalaua,MZ0705,Nampula,MZ07,"81953","16391","2871","3","0","23","45"
"145",Larde,MZ070601,Larde,MZ0706,Nampula,MZ07,"69737","13947","735","2","0","23","45"
"146",Lioma,MZ110602,Gurue,MZ1106,Zambezia,MZ11,"176105","35221","2912","4","0","13","53"
"147",Lionde,MZ020502,Chokwe,MZ0205,Gaza,MZ02,"50321","10064","928","9","0","46","35"
"148",Lione,MZ080102,Chimbonila,MZ0801,Niassa,MZ08,"46468","9294","874","2","0","16","47"
"149",Liupo,MZ070701,Liúpo,MZ0707,Nampula,MZ07,"33577","6715","1363","1","0","23","45"
"150",Luabo,MZ110901,Luabo,MZ1109,Zambezia,MZ11,"31215","6243","1120","1","0","13","53"
"151",Luenha,MZ100302,Changara,MZ1003,Tete,MZ10,"47754","9551","2247","5","0","15","48"
"152",Lugela,MZ111001,Lugela,MZ1110,Zambezia,MZ11,"56170","11234","952","3","0","13","53"
"153",Lumbo,MZ070402,Ilha De Moçambique,MZ0704,Nampula,MZ07,"16600","3320","131","2","0","23","45"
"154",Lunga,MZ071601,Mossuril,MZ0716,Nampula,MZ07,"49415","9883","1825","2","0","23","45"
"155",Lunho,MZ080602,Lago,MZ0806,Niassa,MZ08,"36896","7379","946","2","0","16","47"
"156",Lurio,MZ071102,Memba,MZ0711,Nampula,MZ07,"23064","4613","711","1","0","23","45"
"157",Lurio,MZ080303,Cuamba,MZ0803,Niassa,MZ08,"12640","2528","1832","5","1","16","47"
"158",Lussimbesse,MZ081901,Sanga,MZ0819,Niassa,MZ08,"35197","7039","820","4","0","16","47"
"159",MSawize,MZ081201,Mavago,MZ0812,Niassa,MZ08,"8163","1633","4946","1","0","16","47"
"160",MTamba,MZ011501,Nangade,MZ0115,Cabo Delgado,MZ01,"30375","6075","1027","1","0","15","54"
"161",Mabalane,MZ021002,Mabalane,MZ0210,Gaza,MZ02,"19241","3848","2061","4","0","46","35"
"162",Mabote,MZ030801,Mabote,MZ0308,Inhambane,MZ03,"23416","4683","4937","1","0","20","36"
"163",Macaloge,MZ081902,Sanga,MZ0819,Niassa,MZ08,"25717","5143","4493","4","0","16","47"
"164",Macarretane,MZ020503,Chokwe,MZ0205,Gaza,MZ02,"35178","7036","1024","4","0","46","35"
"165",Macate,MZ040501,Macate,MZ0405,Manica,MZ04,"71602","14320","1434","2","0","22","33"
"166",Machanga,MZ090902,Machanga,MZ0909,Sofala,MZ09,"45494","9099","3757","7","0","38","40"
"167",Machipanda,MZ040801,Manica,MZ0408,Manica,MZ04,"53559","10712","589","6","0","22","33"
"168",Machoca,MZ011402,Namuno,MZ0114,Cabo Delgado,MZ01,"36493","7299","931","1","0","15","54"
"169",Machubo,MZ050501,Marracuene,MZ0505,Maputo,MZ05,"4053","811","232","1","0","96","14"
"170",Macia,MZ020101,Bilene,MZ0201,Gaza,MZ02,"52352","10470","87","1","0","46","35"
"171",Macomia,MZ010602,Macomia,MZ0106,Cabo Delgado,MZ01,"50246","10049","1378","0","1","15","54"
"172",Macossa,MZ040701,Macossa,MZ0407,Manica,MZ04,"23321","4664","5608","3","0","22","33"
"173",Macuacua,MZ021103,Mandlakaze,MZ0211,Gaza,MZ02,"14522","2904","1061","1","0","46","35"
"174",Macuze,MZ112001,Namacurra,MZ1120,Zambezia,MZ11,"84376","16875","645","4","0","13","53"
"175",Madzucane,MZ020602,Chongoene,MZ0206,Gaza,MZ02,"33868","6774","265","3","0","46","35"
"176",Mafambisse,MZ090702,Dondo,MZ0907,Sofala,MZ09,"63370","12674","760","4","6","38","40"
"177",Maganja,MZ111101,Maganja Da Costa,MZ1111,Zambezia,MZ11,"121110","24222","1548","3","0","13","53"
"178",Magude,MZ050301,Magude,MZ0503,Maputo,MZ05,"46133","9227","1801","6","0","96","14"
"179",Mahate,MZ011802,Quissanga,MZ0118,Cabo Delgado,MZ01,"21942","4388","875","1","0","15","54"
"180",Mahele,MZ050302,Magude,MZ0503,Maputo,MZ05,"4183","837","866","1","0","96","14"
"181",Maiaca,MZ081101,Maua,MZ0811,Niassa,MZ08,"17354","3471","1912","2","0","16","47"
"182",Majaua,MZ111301,Milange,MZ1113,Zambezia,MZ11,"83608","16722","654","2","0","13","53"
"183",Makluane,MZ020102,Bilene,MZ0201,Gaza,MZ02,"13069","2614","540","2","0","46","35"
"184",Malanga,MZ080801,Majune,MZ0808,Niassa,MZ08,"37097","7419","5260","5","0","16","47"
"185",Malehice,MZ020206,Chibuto,MZ0202,Gaza,MZ02,"59534","11907","486","4","0","46","35"
"186",Malema,MZ070802,Malema,MZ0708,Nampula,MZ07,"134869","26974","2359","5","1","23","45"
"187",Malowera,MZ101104,Maravia,MZ1011,Tete,MZ10,"88417","17683","5175","3","0","15","48"
"188",Maluana,MZ050403,Manhiça,MZ0504,Maputo,MZ05,"20106","4021","450","2","0","96","14"
"189",Mandie,MZ040402,Guro,MZ0404,Manica,MZ04,"30822","6164","1169","1","0","22","33"
"190",Mandimba,MZ080901,Mandimba,MZ0809,Niassa,MZ08,"175480","35096","1535","7","1","16","47"
"191",Mandlakaze,MZ021104,Mandlakaze,MZ0211,Gaza,MZ02,"32033","6407","98","4","1","46","35"
"192",Manhica,MZ050404,Manhiça,MZ0504,Maputo,MZ05,"89217","17843","412","2","0","96","14"
"193",Maniamba,MZ080603,Lago,MZ0806,Niassa,MZ08,"38431","7686","1263","3","0","16","47"
"194",Manica,MZ040802,Manica,MZ0408,Manica,MZ04,"49589","9918","121","5","0","22","33"
"195",Manje,MZ100502,Chiuta,MZ1005,Tete,MZ10,"95454","19091","4112","4","4","15","48"
"196",Mapai,MZ021201,Mapai,MZ0212,Gaza,MZ02,"27478","5496","11601","5","0","46","35"
"197",Mapinhane,MZ031301,Vilankulo,MZ0313,Inhambane,MZ03,"75415","15083","4047","4","5","20","36"
"198",Mapulanguene,MZ050303,Magude,MZ0503,Maputo,MZ05,"4657","931","2671","0","0","96","14"
"199",Mapupulo,MZ011101,Montepuez,MZ0111,Cabo Delgado,MZ01,"33545","6709","743","3","0","15","54"
"200",Maquival,MZ111201,Maquival,MZ1112,Zambezia,MZ11,"109520","21904","617","5","0","13","53"
"201",Marangira,MZ081001,Marrupa,MZ0810,Niassa,MZ08,"4542","908","6769","2","0","16","47"
"202",Marara,MZ101001,Marara,MZ1010,Tete,MZ10,"85149","17030","2716","2","2","15","48"
"203",Maringue,MZ091002,Maringue,MZ0910,Sofala,MZ09,"55916","11183","2224","3","0","38","40"
"204",Marracuene,MZ050502,Marracuene,MZ0505,Maputo,MZ05,"260179","52036","465","9","1","96","14"
"205",Marromeu,MZ091102,Marromeu,MZ0911,Sofala,MZ09,"132902","26580","3752","25","0","38","40"
"206",Marrupa,MZ081002,Marrupa,MZ0810,Niassa,MZ08,"66543","13309","7421","8","13","16","47"
"207",Massangena,MZ021301,Massangena,MZ0213,Gaza,MZ02,"11059","2212","1877","1","0","46","35"
"208",Massangulo,MZ081702,Ngauma,MZ0817,Niassa,MZ08,"134495","26899","1583","5","1","16","47"
"209",Massinga,MZ030902,Massinga,MZ0309,Inhambane,MZ03,"166339","33268","2065","9","1","20","36"
"210",Massingir,MZ021401,Massingir,MZ0214,Gaza,MZ02,"15829","3166","1710","2","0","46","35"
"211",Matchedje,MZ081903,Sanga,MZ0819,Niassa,MZ08,"2896","579","5158","0","0","16","47"
"212",Matibane,MZ071602,Mossuril,MZ0716,Nampula,MZ07,"51345","10269","707","2","0","23","45"
"213",Matola Rio,MZ050102,Boane,MZ0501,Maputo,MZ05,"68840","13768","206","5","0","96","14"
"214",Matondovela,MZ081401,Mecula,MZ0814,Niassa,MZ08,"1418","284","8349","1","0","16","47"
"215",Matsinho,MZ041201,Vanduzi,MZ0412,Manica,MZ04,"61672","12334","1307","3","1","22","33"
"216",Maua,MZ081102,Maua,MZ0811,Niassa,MZ08,"50786","10157","6134","6","0","16","47"
"217",Mavago,MZ081202,Mavago,MZ0812,Niassa,MZ08,"30597","6119","4248","3","0","16","47"
"218",Mavala,MZ010204,Balama,MZ0102,Cabo Delgado,MZ01,"19435","3887","1284","1","0","15","54"
"219",Mavodze,MZ021402,Massingir,MZ0214,Gaza,MZ02,"10927","2185","3037","3","0","46","35"
"220",Mavonde,MZ040803,Manica,MZ0408,Manica,MZ04,"61167","12233","1002","2","0","22","33"
"221",Mavue,MZ021302,Massangena,MZ0213,Gaza,MZ02,"8737","1747","5667","2","0","46","35"
"222",Mawayela,MZ031201,Panda,MZ0312,Inhambane,MZ03,"6614","1323","2771","1","0","20","36"
"223",Maxixe,MZ031001,Maxixe,MZ0310,Inhambane,MZ03,"129834","25967","268","11","3","20","36"
"224",Mazeze,MZ010304,Chiure,MZ0103,Cabo Delgado,MZ01,"16834","3367","693","2","0","15","54"
"225",Mazivila,MZ020103,Bilene,MZ0201,Gaza,MZ02,"23623","4725","378","2","0","46","35"
"226",Mazula,MZ071103,Memba,MZ0711,Nampula,MZ07,"177805","35561","1570","3","0","23","45"
"227",Mbau,MZ011002,Mocimboa Da Praia,MZ0110,Cabo Delgado,MZ01,"11203","2241","785","1","0","15","54"
"228",Meconta,MZ070903,Meconta,MZ0709,Nampula,MZ07,"19026","3805","460","2","0","23","45"
"229",Mecuburi,MZ071001,Mecuburi,MZ0710,Nampula,MZ07,"106349","21270","3641","6","0","23","45"
"230",Mecufi,MZ010701,Mecufi,MZ0107,Cabo Delgado,MZ01,"41719","8344","620","2","0","15","54"
"231",Mecula,MZ081402,Mecula,MZ0814,Niassa,MZ08,"17129","3426","9666","10","0","16","47"
"232",Megaza,MZ111802,Morrumbala,MZ1118,Zambezia,MZ11,"60832","12166","1585","3","1","13","53"
"233",Meloco,MZ011403,Namuno,MZ0114,Cabo Delgado,MZ01,"31770","6354","1406","1","0","15","54"
"234",Meluco,MZ010801,Meluco,MZ0108,Cabo Delgado,MZ01,"15282","3056","4525","3","0","15","54"
"235",Memba,MZ071104,Memba,MZ0711,Nampula,MZ07,"98750","19750","1385","6","0","23","45"
"236",Meponda,MZ080103,Chimbonila,MZ0801,Niassa,MZ08,"20688","4138","819","1","0","16","47"
"237",Mepuagiua,MZ110603,Gurue,MZ1106,Zambezia,MZ11,"101798","20360","1289","4","0","13","53"
"238",Mesa,MZ010102,Ancuabe,MZ0101,Cabo Delgado,MZ01,"38796","7759","1414","3","0","15","54"
"239",Messano,MZ020104,Bilene,MZ0201,Gaza,MZ02,"23836","4767","368","2","0","46","35"
"240",Messica,MZ040804,Manica,MZ0408,Manica,MZ04,"68755","13751","822","5","0","22","33"
"241",Metangula,MZ080604,Lago,MZ0806,Niassa,MZ08,"42527","8505","828","3","4","16","47"
"242",Metarica,MZ081501,Metarica,MZ0815,Niassa,MZ08,"32928","6586","2614","6","1","16","47"
"243",Meti,MZ070502,Lalaua,MZ0705,Nampula,MZ07,"21902","4380","1660","2","0","23","45"
"244",Metoro,MZ010103,Ancuabe,MZ0101,Cabo Delgado,MZ01,"58638","11728","1418","1","0","15","54"
"245",Metuge,MZ010901,Metuge,MZ0109,Cabo Delgado,MZ01,"44451","8890","1460","4","18","15","54"
"246",Micaune,MZ110202,Chinde,MZ1102,Zambezia,MZ11,"35958","7192","2092","3","0","13","53"
"247",Mieze,MZ010902,Metuge,MZ0109,Cabo Delgado,MZ01,"58308","11662","128","1","1","15","54"
"248",Milange,MZ111302,Milange,MZ1113,Zambezia,MZ11,"492302","98460","3432","12","14","13","53"
"249",Milhana,MZ071002,Mecuburi,MZ0710,Nampula,MZ07,"19761","3952","1275","3","0","23","45"
"250",Mirate,MZ011102,Montepuez,MZ0111,Cabo Delgado,MZ01,"45906","9181","3118","1","0","15","54"
"251",Mitande,MZ080902,Mandimba,MZ0809,Niassa,MZ08,"64954","12991","3145","2","0","16","47"
"252",Miteda,MZ011302,Muidumbe,MZ0113,Cabo Delgado,MZ01,"25134","5027","474","1","0","15","54"
"253",Moamba,MZ050701,Moamba,MZ0507,Maputo,MZ05,"29419","5884","1468","1","0","96","14"
"254",Moatize,MZ101202,Moatize,MZ1012,Tete,MZ10,"124466","24893","3830","6","0","15","48"
"255",Mocimboa Da Praia,MZ011003,Mocimboa Da Praia,MZ0110,Cabo Delgado,MZ01,"84419","16884","1668","3","1","15","54"
"256",Mocuba,MZ111401,Mocuba,MZ1114,Zambezia,MZ11,"238535","47707","3650","12","5","13","53"
"257",Mocubela,MZ111502,Mocubela,MZ1115,Zambezia,MZ11,"51314","10263","3413","5","0","13","53"
"258",Mocumbi,MZ030502,Inharrime,MZ0305,Inhambane,MZ03,"33144","6629","1637","3","0","20","36"
"259",Molumbo,MZ111601,Molumbo,MZ1116,Zambezia,MZ11,"107766","21553","4320","3","0","13","53"
"260",Moma,MZ071402,Moma,MZ0714,Nampula,MZ07,"224824","44965","2510","11","0","23","45"
"261",Monapo,MZ071502,Monapo,MZ0715,Nampula,MZ07,"178366","35673","1233","4","0","23","45"
"262",Mongue,MZ111303,Milange,MZ1113,Zambezia,MZ11,"176635","35327","1418","1","5","13","53"
"263",Montepuez,MZ011103,Montepuez,MZ0111,Cabo Delgado,MZ01,"143899","28780","1211","5","1","15","54"
"264",Mopeia,MZ111702,Mopeia,MZ1117,Zambezia,MZ11,"147869","29574","3988","9","1","13","53"
"265",Morrumbala,MZ111803,Morrumbala,MZ1118,Zambezia,MZ11,"315186","63037","3117","13","3","13","53"
"266",Morrumbene,MZ031101,Morrumbene,MZ0311,Inhambane,MZ03,"74380","14876","555","5","1","20","36"
"267",Mossuril,MZ071603,Mossuril,MZ0716,Nampula,MZ07,"44075","8815","848","6","1","23","45"
"268",Motaze,MZ050304,Magude,MZ0503,Maputo,MZ05,"15697","3139","965","2","0","96","14"
"269",Mphende,MZ100902,Magoe,MZ1009,Tete,MZ10,"21856","4371","1926","3","0","15","48"
"270",Muabanama,MZ111002,Lugela,MZ1110,Zambezia,MZ11,"80926","16185","2209","1","0","13","53"
"271",Muaguide,MZ010802,Meluco,MZ0108,Cabo Delgado,MZ01,"10553","2111","1204","2","0","15","54"
"272",Mualadze,MZ100402,Chifunde,MZ1004,Tete,MZ10,"186931","37386","3500","2","0","15","48"
"273",Mualama,MZ112301,Pebane,MZ1123,Zambezia,MZ11,"98431","19686","5123","5","1","13","53"
"274",Muanza,MZ091202,Muanza,MZ0912,Sofala,MZ09,"16365","3273","1602","21","0","38","40"
"275",Muaquia,MZ080802,Majune,MZ0808,Niassa,MZ08,"2117","423","2967","1","0","16","47"
"276",Muatua,MZ071303,Mogovolas,MZ0713,Nampula,MZ07,"48147","9629","605","1","0","23","45"
"277",Mubangoene,MZ020803,Guija,MZ0208,Gaza,MZ02,"48508","9702","1216","3","0","46","35"
"278",Mucoduene,MZ031102,Morrumbene,MZ0311,Inhambane,MZ03,"69650","13930","2024","5","0","20","36"
"279",Mucojo,MZ010603,Macomia,MZ0106,Cabo Delgado,MZ01,"20474","4095","1117","0","0","15","54"
"280",Mucuali,MZ070602,Larde,MZ0706,Nampula,MZ07,"42221","8444","1109","1","0","23","45"
"281",Muculoene,MZ071702,Muecate,MZ0717,Nampula,MZ07,"26110","5222","978","1","0","23","45"
"282",Muecate,MZ071703,Muecate,MZ0717,Nampula,MZ07,"80262","16052","1908","4","0","23","45"
"283",Mueda,MZ011203,Mueda,MZ0112,Cabo Delgado,MZ01,"55426","11085","1148","1","0","15","54"
"284",Muembe,MZ081602,Muembe,MZ0816,Niassa,MZ08,"36717","7343","1705","3","0","16","47"
"285",Mugazine,MZ050603,Matutuine,MZ0506,Maputo,MZ05,"5873","1175","431","1","0","96","14"
"286",Mugeba,MZ111402,Mocuba,MZ1114,Zambezia,MZ11,"137856","27571","2107","4","0","13","53"
"287",Muidumbe,MZ011303,Muidumbe,MZ0113,Cabo Delgado,MZ01,"32174","6435","1096","4","0","15","54"
"288",Muipite,MZ081801,Nipepe,MZ0818,Niassa,MZ08,"12272","2454","1057","1","0","16","47"
"289",Muite,MZ071003,Mecuburi,MZ0710,Nampula,MZ07,"47504","9501","1498","2","0","23","45"
"290",Mukumbura,MZ100903,Magoe,MZ1009,Tete,MZ10,"87576","17515","3572","2","0","15","48"
"291",Mulevala,MZ111901,Mulevala,MZ1119,Zambezia,MZ11,"122727","24545","2701","7","0","13","53"
"292",Mulima,MZ090303,Chemba,MZ0903,Sofala,MZ09,"31173","6235","1599","2","0","38","40"
"293",Mungari,MZ040403,Guro,MZ0404,Manica,MZ04,"26389","5278","3241","4","0","22","33"
"294",Munhamade,MZ111003,Lugela,MZ1110,Zambezia,MZ11,"22425","4485","1650","6","0","13","53"
"295",Muoha,MZ041002,Sussundenga,MZ0410,Manica,MZ04,"38923","7785","928","0","0","22","33"
"296",Murraca,MZ090202,Caia,MZ0902,Sofala,MZ09,"36713","7343","682","4","0","38","40"
"297",Murrebue,MZ010702,Mecufi,MZ0107,Cabo Delgado,MZ01,"18512","3702","615","1","0","15","54"
"298",Murrupula,MZ071802,Murrupula,MZ0718,Nampula,MZ07,"148982","29796","1958","3","0","23","45"
"299",Mutivasse,MZ072202,Rapale,MZ0722,Nampula,MZ07,"31009","6202","810","2","0","23","45"
"300",Mutuali,MZ070803,Malema,MZ0708,Nampula,MZ07,"70212","14042","2007","2","0","23","45"
"301",Muxungue,MZ090503,Chibabava,MZ0905,Sofala,MZ09,"108184","21637","3822","17","0","38","40"
"302",Muze,MZ101501,Zumbu,MZ1015,Tete,MZ10,"65002","13000","3320","1","0","15","48"
"303",NCumpe,MZ011404,Namuno,MZ0114,Cabo Delgado,MZ01,"36163","7233","721","1","0","15","54"
"304",NGapa,MZ011204,Mueda,MZ0112,Cabo Delgado,MZ01,"36895","7379","4493","3","0","15","54"
"305",Naburi,MZ112302,Pebane,MZ1123,Zambezia,MZ11,"98364","19673","3508","4","0","13","53"
"306",Nacala,MZ071901,Nacala,MZ0719,Nampula,MZ07,"292277","58455","319","14","7","23","45"
"307",Nacala-A-Velha,MZ072002,Nacala-A-Velha,MZ0720,Nampula,MZ07,"79055","15811","845","5","0","23","45"
"308",Nacaroa,MZ072102,Nacaroa,MZ0721,Nampula,MZ07,"74506","14901","934","2","0","23","45"
"309",Nacumua,MZ081502,Metarica,MZ0815,Niassa,MZ08,"14990","2998","2246","2","0","16","47"
"310",Nairoto,MZ011104,Montepuez,MZ0111,Cabo Delgado,MZ01,"15657","3131","12080","1","0","15","54"
"311",Nairrubi,MZ080803,Majune,MZ0808,Niassa,MZ08,"10306","2061","3071","2","0","16","47"
"312",Nalazi,MZ020804,Guija,MZ0208,Gaza,MZ02,"20140","4028","2215","2","0","46","35"
"313",Namaacha,MZ050802,Namaacha,MZ0508,Maputo,MZ05,"44465","8893","1373","6","2","96","14"
"314",Namacurra,MZ112002,Namacurra,MZ1120,Zambezia,MZ11,"146458","29292","1376","7","2","13","53"
"315",Namaita,MZ072203,Rapale,MZ0722,Nampula,MZ07,"116847","23369","822","4","0","23","45"
"316",Namanhumbir,MZ011105,Montepuez,MZ0111,Cabo Delgado,MZ01,"34474","6895","654","0","0","15","54"
"317",Namanjavira,MZ111403,Mocuba,MZ1114,Zambezia,MZ11,"88074","17615","3016","2","0","13","53"
"318",Namapa,MZ070302,Erati,MZ0703,Nampula,MZ07,"150390","30078","2259","3","0","23","45"
"319",Namaponda,MZ070104,Angoche,MZ0701,Nampula,MZ07,"43178","8636","740","2","0","23","45"
"320",Namarroi,MZ112101,Namarroi,MZ1121,Zambezia,MZ11,"118858","23772","1373","6","0","13","53"
"321",Nametil,MZ071304,Mogovolas,MZ0713,Nampula,MZ07,"173354","34671","911","2","2","23","45"
"322",Namialo,MZ070904,Meconta,MZ0709,Nampula,MZ07,"75004","15001","348","1","0","23","45"
"323",Namige,MZ071201,Mogincual,MZ0712,Nampula,MZ07,"21475","4295","848","2","0","23","45"
"324",Namina,MZ071004,Mecuburi,MZ0710,Nampula,MZ07,"50283","10057","776","2","0","23","45"
"325",Namiroa,MZ070303,Erati,MZ0703,Nampula,MZ07,"71591","14318","1528","2","0","23","45"
"326",Namogelia,MZ010305,Chiure,MZ0103,Cabo Delgado,MZ01,"34638","6928","712","0","0","15","54"
"327",Namuno,MZ011405,Namuno,MZ0114,Cabo Delgado,MZ01,"109249","21850","1239","1","0","15","54"
"328",Nangade,MZ011502,Nangade,MZ0115,Cabo Delgado,MZ01,"60846","12169","1940","4","0","15","54"
"329",Nanhupo Rio,MZ071305,Mogovolas,MZ0713,Nampula,MZ07,"54684","10937","719","1","0","23","45"
"330",Nante,MZ111102,Maganja Da Costa,MZ1111,Zambezia,MZ11,"91180","18236","1325","5","0","13","53"
"331",Nauela,MZ110102,Alto Molocue,MZ1101,Zambezia,MZ11,"289360","57872","2601","5","0","13","53"
"332",Ndelane,MZ050604,Matutuine,MZ0506,Maputo,MZ05,"3231","646","162","2","0","96","14"
"333",Negomano,MZ011205,Mueda,MZ0112,Cabo Delgado,MZ01,"3577","715","3023","1","0","15","54"
"334",Netia,MZ071503,Monapo,MZ0715,Nampula,MZ07,"202573","40515","1040","5","0","23","45"
"335",Nguawala,MZ040702,Macossa,MZ0407,Manica,MZ04,"3961","792","2259","1","0","22","33"
"336",Nguzene,MZ020603,Chongoene,MZ0206,Gaza,MZ02,"11523","2305","434","4","0","46","35"
"337",Nhacafula,MZ041102,Tambara,MZ0411,Manica,MZ04,"9677","1935","1268","1","0","22","33"
"338",Nhacolo,MZ041103,Tambara,MZ0411,Manica,MZ04,"34906","6981","1037","4","0","22","33"
"339",Nhamadze,MZ090802,Gorongosa,MZ0908,Sofala,MZ09,"54944","10989","2025","4","0","38","40"
"340",Nhamagua,MZ040703,Macossa,MZ0407,Manica,MZ04,"39774","7955","1697","1","0","22","33"
"341",Nhamassonge,MZ040404,Guro,MZ0404,Manica,MZ04,"13631","2726","1406","1","0","22","33"
"342",Nhamatanda,MZ091301,Nhamatanda,MZ0913,Sofala,MZ09,"267777","53555","2467","17","5","38","40"
"343",Nhamayabue,MZ101303,Mutarara,MZ1013,Tete,MZ10,"59944","11989","1331","4","0","15","48"
"344",Nhampassa,MZ040103,Barue,MZ0401,Manica,MZ04,"58418","11684","1986","3","1","22","33"
"345",Nicoadala,MZ112201,Nicoadala,MZ1122,Zambezia,MZ11,"181705","36341","2763","10","0","13","53"
"346",Nihessiue,MZ071803,Murrupula,MZ0718,Nampula,MZ07,"36258","7252","564","2","0","23","45"
"347",Nipepe,MZ081802,Nipepe,MZ0818,Niassa,MZ08,"25715","5143","3943","6","0","16","47"
"348",Nova Mambone,MZ030301,Govuro,MZ0303,Inhambane,MZ03,"20409","4082","1682","3","0","20","36"
"349",Nsadzu,MZ100403,Chifunde,MZ1004,Tete,MZ10,"44525","8905","2585","2","0","15","48"
"350",Ntengo-Wa-Mbalame,MZ101401,Tsangano,MZ1014,Tete,MZ10,"220039","44008","1368","4","1","15","48"
"351",Ntlavene,MZ021003,Mabalane,MZ0210,Gaza,MZ02,"12713","2543","1748","2","0","46","35"
"352",Nungo,MZ081003,Marrupa,MZ0810,Niassa,MZ08,"9488","1898","3265","1","0","16","47"
"353",Ocua,MZ010306,Chiure,MZ0103,Cabo Delgado,MZ01,"57763","11553","1048","4","0","15","54"
"354",Olumbi,MZ011601,Palma,MZ0116,Cabo Delgado,MZ01,"11791","2358","1232","2","0","15","54"
"355",Pafuri,MZ020301,Chicualacuala,MZ0203,Gaza,MZ02,"7038","1408","7061","1","0","46","35"
"356",Palma,MZ011602,Palma,MZ0116,Cabo Delgado,MZ01,"33138","6628","899","2","0","15","54"
"357",Palmeira,MZ050405,Manhiça,MZ0504,Maputo,MZ05,"47889","9578","566","8","0","96","14"
"358",Panda,MZ031202,Panda,MZ0312,Inhambane,MZ03,"38736","7747","2775","3","0","20","36"
"359",Panjane,MZ050305,Magude,MZ0503,Maputo,MZ05,"4616","923","663","1","0","96","14"
"360",Papai,MZ011406,Namuno,MZ0114,Cabo Delgado,MZ01,"18436","3687","923","1","0","15","54"
"361",Pebane,MZ112303,Pebane,MZ1123,Zambezia,MZ11,"84019","16804","1471","6","1","13","53"
"362",Pembe,MZ030402,Homoine,MZ0304,Inhambane,MZ03,"23700","4740","880","5","0","20","36"
"363",Pessene,MZ050702,Moamba,MZ0507,Maputo,MZ05,"20981","4196","546","3","0","96","14"
"364",Praia De Bilene,MZ020105,Bilene,MZ0201,Gaza,MZ02,"13244","2649","291","1","0","46","35"
"365",Pundanhar,MZ011603,Palma,MZ0116,Cabo Delgado,MZ01,"6079","1216","785","1","0","15","54"
"366",Quinga,MZ070702,Liúpo,MZ0707,Nampula,MZ07,"155330","31066","758","4","0","23","45"
"367",Quionga,MZ011604,Palma,MZ0116,Cabo Delgado,MZ01,"7362","1472","607","1","0","15","54"
"368",Quirimba,MZ010502,Ibo,MZ0105,Cabo Delgado,MZ01,"2184","437","16","0","0","15","54"
"369",Quissanga,MZ011803,Quissanga,MZ0118,Cabo Delgado,MZ01,"5002","1000","455","3","0","15","54"
"370",Quissico,MZ031401,Zavala,MZ0314,Inhambane,MZ03,"92263","18453","1055","5","0","20","36"
"371",Quiterajo,MZ010604,Macomia,MZ0106,Cabo Delgado,MZ01,"10588","2118","642","0","0","15","54"
"372",Quixaxe,MZ071202,Mogincual,MZ0712,Nampula,MZ07,"29245","5849","1435","3","0","23","45"
"373",Rapale,MZ072204,Rapale,MZ0722,Nampula,MZ07,"87272","17454","713","2","0","23","45"
"374",Regone,MZ112102,Namarroi,MZ1121,Zambezia,MZ11,"66289","13258","1687","2","0","13","53"
"375",Ressano Garcia,MZ050703,Moamba,MZ0507,Maputo,MZ05,"8970","1794","186","2","0","96","14"
"376",Ribaue,MZ072303,Ribaue,MZ0723,Nampula,MZ07,"130035","26007","2201","5","1","23","45"
"377",Rotanda,MZ041003,Sussundenga,MZ0410,Manica,MZ04,"13693","2739","1695","1","0","22","33"
"378",Sabie,MZ050704,Moamba,MZ0507,Maputo,MZ05,"23781","4756","2380","2","0","96","14"
"379",Saua-Saua,MZ072103,Nacaroa,MZ0721,Nampula,MZ07,"24185","4837","1095","2","0","23","45"
"380",Save,MZ030302,Govuro,MZ0303,Inhambane,MZ03,"22704","4541","2285","4","0","20","36"
"381",Save,MZ040602,Machaze,MZ0406,Manica,MZ04,"38293","7659","5035","5","0","22","33"
"382",Sena,MZ090203,Caia,MZ0902,Sofala,MZ09,"50953","10191","888","3","0","38","40"
"383",Socone,MZ110702,Ile,MZ1107,Zambezia,MZ11,"75479","15096","863","1","0","13","53"
"384",Sofala,MZ090103,Buzi,MZ0901,Sofala,MZ09,"33422","6684","2333","5","1","38","40"
"385",Songo,MZ100203,Cahora Bassa,MZ1002,Tete,MZ10,"48861","9772","595","6","0","15","48"
"386",Subwe,MZ091003,Maringue,MZ0910,Sofala,MZ09,"27344","5469","2242","2","0","38","40"
"387",Sussundenga,MZ041004,Sussundenga,MZ0410,Manica,MZ04,"75754","15151","1287","8","3","22","33"
"388",Tacuane,MZ111004,Lugela,MZ1110,Zambezia,MZ11,"28083","5617","1317","2","0","13","53"
"389",Tica,MZ091302,Nhamatanda,MZ0913,Sofala,MZ09,"92564","18513","1549","5","7","38","40"
"390",Tome,MZ030202,Funhalouro,MZ0302,Inhambane,MZ03,"15005","3001","4824","1","0","20","36"
"391",Tsangano,MZ101402,Tsangano,MZ1014,Tete,MZ10,"91408","18282","2294","2","0","15","48"
"392",Ulongue,MZ100102,Angonia,MZ1001,Tete,MZ10,"167253","33451","1139","7","1","15","48"
"393",Unango,MZ081904,Sanga,MZ0819,Niassa,MZ08,"18821","3764","2025","3","0","16","47"
"394",Urrene,MZ031203,Panda,MZ0312,Inhambane,MZ03,"4890","978","1297","1","0","20","36"
"395",Vanduzi,MZ041202,Vanduzi,MZ0412,Manica,MZ04,"103704","20741","1853","2","0","22","33"
"396",Vanduzi,MZ090803,Gorongosa,MZ0908,Sofala,MZ09,"45416","9083","1757","4","0","38","40"
"397",Vila Eduardo Mondlane,MZ020302,Chicualacuala,MZ0203,Gaza,MZ02,"19905","3981","4331","3","0","46","35"
"398",Vilankulo,MZ031302,Vilankulo,MZ0313,Inhambane,MZ03,"97502","19500","1806","6","2","20","36"
"399",Xhalala,MZ021105,Mandlakaze,MZ0211,Gaza,MZ02,"5618","1124","172","2","0","46","35"
"400",Xilembene,MZ020504,Chokwe,MZ0205,Gaza,MZ02,"61670","12334","441","4","0","46","35"
"401",Xinavane,MZ050406,Manhiça,MZ0504,Maputo,MZ05,"31804","6361","155","2","0","96","14"
"402",Zambue,MZ101502,Zumbu,MZ1015,Tete,MZ10,"24685","4937","3766","1","0","15","48"
"403",Zandamela,MZ031402,Zavala,MZ0314,Inhambane,MZ03,"65498","13100","956","7","0","20","36"
"404",Zembe,MZ040502,Macate,MZ0405,Manica,MZ04,"24997","4999","347","1","0","22","33"
"405",Zimane,MZ030802,Mabote,MZ0308,Inhambane,MZ03,"9719","1944","5635","2","0","20","36"
"406",Zinave,MZ030803,Mabote,MZ0308,Inhambane,MZ03,"16425","3285","4762","3","0","20","36"
"407",Zitundo,MZ050605,Matutuine,MZ0506,Maputo,MZ05,"9877","1975","865","4","0","96","14"
"408",Zobue,MZ101203,Moatize,MZ1012,Tete,MZ10,"363088","72618","2744","4","2","15","48"
"409",Zongoene,MZ020903,Limpopo,MZ0209,Gaza,MZ02,"29243","5849","556","3","0","46","35"
"410",Zulo,MZ021403,Massingir,MZ0214,Gaza,MZ02,"13016","2603","937","3","0","46","35"
"411",Zumbu,MZ101503,Zumbu,MZ1015,Tete,MZ10,"27523","5505","4909","7","0","15","48"
